,Genome_Sequence
0,CAGCCCACCCCAAACCGCCCGCCGCGCGCGGCGGCCACCCCCCCCCCCCG
1,AAGCCCGCCCCAAACCGCCCCCCGCGCGCGGCGGCAGCCACCCCCCCCCG
2,CAGCCCACCCCACACCGCCCCCCGCGCGCGGCGGCACCCCCCGCCCCCCG
3,AAGCCCACCCCAAACCGCCCCCCGCGCGCGGCTGCCACCCCCCCCCCCCG
4,CTAAGGCCGCTATACTAGTGACGTCCGCAGATCTCCTACCCGAAAGGCTT
5,CAGCCCACGCCAAACCGCCCCCCGCGCGCGGCGGCACCCCCGCCCCCACG
6,TTACTGTTTCAACTGTCCCCAAGGATCGTTCTTAGCTGCCAGCCTGGCCA
7,GCGCCCACCCCAATCCGCCCCCCGCGCGCCGCGGCACCCCCCTCCCCCCG
8,CAGCCCAGCCCAAACCGGCCCCCGCGCGCGGCGGCCACCCCCCCCCCCCG
9,TGGGACTGGGCGCAAACGTTGTGTTACTAAGTTGTACGTGACACTTAACG
10,GCATCTGTACACAGGGGACGCCATCCGACCGGCAACGGTGAGCTCTACTA
11,AAGAGCCTCTATGATGGCAACTTGCAAATCCCTCCCCTGAACTACATCCA
12,CAGCCCACCCCAAACCGCCCCCCGCGCGCCGCGGCACCCCCCCCCCCCCG
13,TAGCCCACCCCAAACCGCCCCCCGCGCGCGGCGGCACCTCCCCCCCCCCG
14,CCGCGTCACTAGACTCCACTGCGGAGCTCGCATGCGCCTAAGTCTGACCT
15,CCGGCGAGAGCCCTACGCCGGGCTCTTCCCTGTCGATTCTCAGCGTAACT
16,CACCGAATCAACGTACTTATCACCCCATATTAATACCACCAACATACGCC
17,GAACTGGCACGGTGACATCTATTGAGCGGCGTAACAGCGAAGGCTTGTGC
18,CTAGTTTCTCTAAGCCAGAGCTCTAATTTTTGCAGTTGGACCGTTATCCC
19,AAGCCCACCCCACACCGCCCCCCGCGCGCGGCGGCACCCCCCGCCCCCCG
20,CTAGGTGGTCAGGCAATCCATGGGGTGGGAGGGTCTGCCCGCGAACTTAT
21,ATTACTCTAGAGACTCTTCATGCTGGCGTCAGCAGGGGCACACCAGAAGG
22,CGGCCCACCCCAACCCGCCCCCCTCGCGCCGCAGCACCCCCCCCCCCACA
23,CAGCCCAGCCCAAACCGCCCCCCGCGCGCGGCGGCACCCCCCCCCCCCCG
24,CAGCCCACCCCAAACCGCCCCCCACGCGCGGCGGCCACCCCCCCCCCCCG
25,AGCGAGAACCAGCCTGCGGACTCTAACGGACGAACCCCAGGCCTTAATCA
26,AACCGAACTTGTATATGCAAGAAAGTGACTAAATAAGTGGACACTTCCCA
27,ATATACTGTGATGCCAACCCCGCTCGTGTCTACCAAGCCCCAATTTTACG
28,GAGCCCGCCCCAACCCGCCCCCCGGGGGCCGCGGCACCCCCCGCCCCCCG
29,CCGACCATACAGAGACGTGTTGTGCTACTGCGACCACTCTGAGCGCGGAG
30,CCGCGACGTTGTCGCTACCGGAGGAGGAGCGTCGGTATGCTCGCGGGTTA
31,CCCCAACGCTGACGTCATACATTCATATGTACAATGACTGCAGAGCGCTA
32,TTTCTGTATTCATGTCGTAGCAGACCGGCGGACTTTTAGTCGCCACCGCT
33,CACCGCTCATTGTGGCGATGGTTCCCCCCGCGGTTGCCTCTCCCGCCTCC
34,ACACACTTATGGTAACATGGCGACGATAGGGGTGACGCTGGAAAAGTTCC
35,CGGCCCACCCCAACTCGCCCCCCGCGCGCCGCAGCAACACCCCCCCCACG
36,CCCCTCCCAGTGCGTCAGAAACCCTGCGCGGGTGAACTATTGAAGCCACA
37,CGCTGTCAGTGAGGAGTTTAAGGAGTACCAGCAAAATTCGTTGCCGAGCT
38,AAGCACATATGGCGAGTCGCGCCAGTTAGGGCTCTGAACCCCTGTACTGC
39,CCTCTATCCAGAACTGCCCGGACGTGTATGAGCGCCGGACATAAGGGCGA
40,GGAAGACTTCCCACGGGGCAATCGTTATGACGAAAACATGAGCAGTTCCT
41,CAGCCCACCCCAAACCGCCCCCCGCGCGCGGCGGCACCCCCGCCCCCCCG
42,CGTGTCTTTTTGGTCATCAAATATACGTTGACCTGAACCCGCAACCGATG
43,CTCTACAGGCATAATGGAGCGAAAGGCCGACCAACCTCGAGACAGCCTCG
44,GAGCCCACCCCAACCCGCCCCCCCCCCGTGGCGGCCCCCCCCCCCCCACG
45,GAGCCCACCCCCAACCGCCCCCCGGGCGCTGCGGCAGCCACCGCCCCCCT
46,GTCATAATGTGGGACAATGACATCAGGCGATGAGCTTCAGAGCCGCCACC
47,GCACACAGGTTACATAGGGCCGAATTTATCGCCCGATGGCGCGTGAGGAT
48,CCGATGGACTAGACTCTAGTGTTGAGAGGCCAACATCTGTACTCTGGCCC
49,CAAGGACGGCCGGTAAACCTTGGGACGTGAGTCCCCGACCGGTCTGTTCG
